name,author,type,form
大夏文圣,七月未时,仙侠,连载
我的姐夫是太子,上山打老虎额,历史,连载
曾经，我想做个好人,常世,轻小说,连载
灵境行者,卖报小郎君,科幻,连载
我的属性修行人生,滚开,玄幻,连载
皓玉真仙,小道不讲武德,仙侠,连载
高天之上,阴天神隐,奇幻,连载
我绑架了时间线,一刀斩斩斩,科幻,连载
我在春秋不当王,羲和晨昊,历史,连载
不科学御兽,轻泉流响,玄幻,连载
深空彼岸,辰东,都市,连载
光阴之外,耳根,仙侠,连载
终宋,怪诞的表哥,历史,连载
机武风暴,骷髅精灵,科幻,连载
择日飞升,宅猪,仙侠,连载
明克街13号,纯洁滴小龙,都市,连载
深海余烬,远瞳,科幻,连载
不科学御物,鲜橙炒腊肉,都市,连载
道诡异仙,狐尾的笔,玄幻,连载
夜的命名术,会说话的肘子,都市,连载
这游戏也太真实了,晨星LL,轻小说,连载
灵气复苏，我从种田开始修仙,壹言为定,科幻,连载
轮回乐园,那一只蚊子,轻小说,连载
宇宙职业选手,我吃西红柿,科幻,连载
唐人的餐桌,孑与2,历史,连载
我的谍战岁月,猪头七,军事,连载
保护我方族长,傲无常,玄幻,连载
这个影帝要加钱,游方老盗,都市,连载
仙人消失之后,九方烨,玄幻,连载
我的军火商人生涯,江山挽歌,军事,连载
警察陆令,奉义天涯,都市,连载
火力为王,如水意,都市,连载
请公子斩妖,裴不了,仙侠,连载
变身之我的系统有毒,山间白雾,轻小说,连载
赤心巡天,情何以甚,仙侠,连载
我是导演，我不比烂,不是老狗,都市,连载
当贤夫我是认真的,无限守候,都市,连载
诡秘之主,爱潜水的乌贼,玄幻,完本
我的师父什么都懂亿点点,高楼大厦,仙侠,连载
神秘复苏,佛前献花,仙侠,连载
